nombre|apellidop|apellidom
Philip|Robinson|Britt
Samuel|Durham|Mathis
Leroy|Bauer|Blackwell
Hayden|Weber|Beasley
Malcolm|Bullock|Mayo
Ahmed|Rosa|Erickson
Dean|Sellers|Mclaughlin
August|Rosa|Sawyer
Jackson|Ryan|Mcbride
Raja|Johnson|Beck
Bert|Giles|Wooten
Xenos|Kidd|Guzman
Henry|Roth|Preston
Ahmed|Talley|Donovan
Basil|Williamson|Crawford
Brian|Gordon|Whitaker
Acton|Dennis|Lopez
Hector|Johns|Ramsey
Alec|Greene|Carson
Raja|Meyer|Wall
Justin|Walker|Weaver
Richard|Harvey|Copeland
Berk|Norton|Rivas
Graiden|Young|Castro
Jameson|Morin|Meyers
Kuame|Gonzalez|Barber
Marshall|Tyson|Barrett
Alexander|Glenn|Rich
Mannix|Torres|Bennett
Griffin|Hines|Nelson
Lyle|Kaufman|Vasquez
Lev|Clements|Lang
Bruno|Bender|Kinney
Arsenio|Nieves|Berry
Cyrus|Avila|Sweeney
Clark|Williams|Schroeder
Gregory|Hopper|Bonner
Todd|Murphy|Stephenson
Jerome|Middleton|Mccray
Ali|Montoya|Reese
John|Blair|Manning
Rudyard|Landry|Lyons
Vernon|Combs|Atkins
Thaddeus|Navarro|Blankenship
Elijah|Patel|Baird
Elton|Berry|Roy
Jerome|Weaver|Witt
Carl|Short|Pacheco
Nero|Keller|Rollins
Chester|Huff|Watkins
Stone|Rogers|Christensen
Herman|Figueroa|Skinner
Curran|Sharp|Martinez
Tobias|Levy|Herman
Thor|Chapman|Powers
Barry|Walker|Mason
Cade|Griffin|Carr
Gavin|Lowe|Ramsey
Cedric|Ratliff|Madden
Ryan|Rivas|Dixon
Wade|Morgan|Beck
Blaze|Kinney|Bentley
Tanner|Conley|Ewing
Colton|Hayes|Hensley
Harrison|Mosley|Melendez
Uriah|Charles|Cantu
Solomon|Woodard|Holmes
Clayton|Coleman|Hartman
Clinton|Everett|Weaver
Jonah|Meyer|Good
Elliott|Ewing|Bartlett
Caldwell|Carson|Alford
Elliott|Tate|Lancaster
Andrew|Shaw|Knight
Jameson|Moore|Weaver
Kane|Weiss|Cox
Honorato|Armstrong|Christian
Brett|Ortega|Rivas
Samson|Haynes|Vargas
Conan|Cox|Velazquez
Nigel|Weaver|Sheppard
Zephania|Cooper|Rich
Alexander|Berry|Stanton
Warren|Morrison|Mcguire
Omar|Andrews|Espinoza
Jack|Hayden|Myers
Leonard|Rush|Cannon
Wallace|Mcgowan|Ewing
Ira|Barron|Knox
Lawrence|Clark|Harper
Xavier|Hurley|Joyner
Tad|Barrett|Parks
Ezekiel|Mcgowan|Vincent
Laith|Allison|Hansen
Neville|Brock|Gaines
Derek|Duffy|Brady
Tate|Gill|Swanson
Howard|Randolph|Morton
Kuame|Barry|Shannon
Grady|Glover|Allen